datetime,open,high,low,close,volume
2022-01-01,1835.0,1843.0,1831.0,1837.0,927.4573
2022-01-02,1837.0,1840.0,1832.0,1835.0,930.4303
2022-01-03,1836.0,1839.0,1801.0,1809.0,1596.5055
2022-01-04,1810.0,1822.0,1803.0,1817.0,1308.9776
2022-01-05,1818.0,1869.0,1802.0,1816.0,3280.6306
2022-01-06,1816.0,1869.0,1772.0,1797.0,7057.433
2022-01-07,1797.0,1807.0,1783.0,1805.0,2916.6719
2022-01-08,1805.0,1805.0,1793.0,1798.0,1454.3852
2022-01-09,1798.0,1802.0,1791.0,1797.0,1337.4127
2022-01-10,1797.0,1811.0,1791.0,1804.0,3399.2183
2022-01-11,1804.0,1830.0,1803.0,1822.0,2038.9371
2022-01-12,1823.0,1839.0,1814.0,1833.0,2164.5058
2022-01-13,1833.0,1836.0,1810.0,1825.0,1859.7618
2022-01-14,1826.0,1836.0,1821.0,1825.0,1193.1143
2022-01-15,1825.0,1828.0,1820.0,1826.0,559.5585
2022-01-16,1826.0,1827.0,1823.0,1825.0,434.2063
2022-01-17,1824.0,1830.0,1819.0,1821.0,1134.1162
2022-01-18,1822.0,1831.0,1812.0,1821.0,1408.259
2022-01-19,1822.0,1859.0,1814.0,1846.0,2436.1865
2022-01-20,1847.0,1862.0,1836.0,1845.0,2270.3082
2022-01-21,1845.0,1857.0,1830.0,1842.0,5358.1657
2022-01-22,1843.0,1850.0,1830.0,1840.0,4788.5707
2022-01-23,1840.0,1846.0,1830.0,1844.0,2998.2845
2022-01-24,1843.0,1854.0,1836.0,1849.0,5007.1283
2022-01-25,1848.0,1863.0,1839.0,1855.0,2916.3895
2022-01-26,1858.0,1864.0,1826.0,1832.0,6659.1687
2022-01-27,1833.0,1840.0,1801.0,1809.0,3928.1923
2022-01-28,1807.0,1813.0,1787.0,1796.0,3106.5055
2022-01-29,1796.0,1801.0,1789.0,1797.0,1532.8331
2022-01-30,1798.0,1803.0,1792.0,1799.0,1032.1646
2022-01-31,1798.0,1812.0,1790.0,1807.0,1794.8794
2022-02-01,1807.0,1817.0,1799.0,1805.0,1678.4996
2022-02-02,1805.0,1820.0,1801.0,1813.0,2124.4256
2022-02-03,1814.0,1817.0,1797.0,1814.0,1622.1152
2022-02-04,1814.0,1822.0,1800.0,1817.0,2814.8196
2022-02-05,1816.0,1821.0,1811.0,1816.0,1754.471
2022-02-06,1817.0,1821.0,1808.0,1816.0,1605.9784
2022-02-07,1817.0,1830.0,1794.0,1824.0,2724.7241
2022-02-08,1824.0,1836.0,1817.0,1831.0,2263.3658
2022-02-09,1832.0,1844.0,1828.0,1838.0,1541.9889
2022-02-10,1839.0,1847.0,1827.0,1833.0,2573.7541
2022-02-11,1833.0,1875.0,1827.0,1868.0,4772.546
2022-02-12,1868.0,1892.0,1862.0,1874.0,6569.275653
2022-02-13,1877.0,1913.0,1870.0,1888.0,2898.2252
2022-02-14,1888.0,1888.0,1858.0,1881.0,6424.5899
2022-02-15,1881.0,1891.0,1845.0,1855.0,5578.99
2022-02-16,1855.0,1884.0,1849.0,1876.0,3757.4174
2022-02-17,1877.0,1923.0,1873.0,1916.0,6496.5497
2022-02-18,1916.0,1919.0,1895.0,1912.0,6737.9002
2022-02-19,1912.0,1920.0,1906.0,1917.0,3261.5506
2022-02-20,1917.0,1951.0,1911.0,1939.0,7656.264634
2022-02-21,1939.0,1978.0,1908.0,1954.0,9123.013968
2022-02-22,1954.0,1976.0,1901.0,1906.0,10545.1977
2022-02-23,1906.0,1927.0,1895.0,1919.0,5507.277
2022-02-24,1919.0,2076.0,1903.0,1935.0,52033.771773
2022-02-25,1934.0,1944.0,1888.0,1892.0,11676.6244
2022-02-26,1892.0,1902.0,1881.0,1890.0,4634.7901
2022-02-27,1891.0,1929.0,1882.0,1917.0,10317.5608
2022-02-28,1917.0,1926.0,1878.0,1895.0,12830.4992
2022-03-01,1895.0,1939.0,1880.0,1928.0,11024.7912
2022-03-02,1929.0,1939.0,1906.0,1925.0,7216.0306
2022-03-03,1925.0,1937.0,1915.0,1934.0,5457.0758
2022-03-04,1934.0,1972.0,1930.0,1967.0,8598.8181
2022-03-05,1968.0,1976.0,1963.0,1971.0,5034.9834
2022-03-06,1971.0,1990.0,1968.0,1989.0,5807.3219
2022-03-07,1990.0,2015.0,1970.0,2003.0,20701.2249
2022-03-08,2004.0,2071.0,1989.0,2053.0,22744.8492
2022-03-09,2053.0,2059.0,1982.0,1994.0,16582.3188
2022-03-10,1994.0,2015.0,1975.0,1997.0,14496.8323
2022-03-11,1998.0,2003.0,1961.0,1986.0,11168.7703
2022-03-12,1986.0,1991.0,1984.0,1991.0,2861.1079
2022-03-13,1990.0,2000.0,1980.0,1984.0,5186.8338
2022-03-14,1984.0,1988.0,1955.0,1958.0,5307.3196
2022-03-15,1958.0,1959.0,1910.0,1925.0,7209.4874
2022-03-16,1926.0,1940.0,1900.0,1937.0,7249.448
2022-03-17,1937.0,1956.0,1934.0,1950.0,4552.7438
2022-03-18,1950.0,1951.0,1918.0,1922.0,5542.8882
2022-03-19,1922.0,1928.0,1912.0,1915.0,2208.1899
2022-03-20,1916.0,1928.0,1912.0,1923.0,2656.3823
2022-03-21,1923.0,1943.0,1916.0,1935.0,4825.919
2022-03-22,1936.0,1941.0,1912.0,1919.0,3260.0006
2022-03-23,1920.0,1951.0,1916.0,1947.0,3820.524
2022-03-24,1947.0,1969.0,1935.0,1958.0,6159.4162
2022-03-25,1958.0,1965.0,1944.0,1959.0,4894.127
2022-03-26,1959.0,1967.0,1956.0,1964.0,1504.0196
2022-03-27,1964.0,1966.0,1947.0,1953.0,3212.3965
2022-03-28,1954.0,1958.0,1918.0,1926.0,6249.1211
2022-03-29,1926.0,1931.0,1892.0,1917.0,6039.5481
2022-03-30,1917.0,1939.0,1914.0,1930.0,2516.897
2022-03-31,1931.0,1955.0,1919.0,1937.0,3540.4975
2022-04-01,1937.0,1939.0,1916.0,1923.0,3149.9472
2022-04-02,1923.0,1925.0,1918.0,1922.0,1744.776
2022-04-03,1922.0,1928.0,1913.0,1923.0,1742.5089
2022-04-04,1923.0,1935.0,1918.0,1931.0,2516.4837
2022-04-05,1931.0,1940.0,1917.0,1919.0,2177.0966
2022-04-06,1919.0,1933.0,1915.0,1923.0,4083.8916
2022-04-07,1923.0,1938.0,1921.0,1930.0,2087.5647
2022-04-08,1931.0,1949.0,1928.0,1947.0,2683.2931
2022-04-09,1947.0,1954.0,1945.0,1946.0,1150.0406
2022-04-10,1946.0,1956.0,1940.0,1942.0,1515.4168
2022-04-11,1943.0,1968.0,1940.0,1953.0,6447.8077
2022-04-12,1953.0,1978.0,1949.0,1968.0,6379.387
2022-04-13,1968.0,1982.0,1964.0,1979.0,4340.1557
2022-04-14,1980.0,1982.0,1962.0,1976.0,3068.3743
2022-04-15,1976.0,1981.0,1973.0,1980.0,1216.9501
2022-04-16,1980.0,1982.0,1976.0,1979.0,1168.8184
2022-04-17,1980.0,1988.0,1977.0,1987.0,1261.588
2022-04-18,1988.0,1999.0,1977.0,1980.0,6143.2297
2022-04-19,1980.0,1987.0,1951.0,1953.0,4398.9762
2022-04-20,1954.0,1966.0,1945.0,1964.0,2895.7209
2022-04-21,1964.0,1964.0,1933.0,1958.0,3857.3477
2022-04-22,1958.0,1959.0,1930.0,1935.0,3017.1483
2022-04-23,1935.0,1940.0,1928.0,1934.0,1169.4568
2022-04-24,1935.0,1940.0,1930.0,1935.0,896.546
2022-04-25,1935.0,1935.0,1895.0,1909.0,6510.8509
2022-04-26,1908.0,1915.0,1880.0,1908.0,3461.2258
2022-04-27,1908.0,1910.0,1885.0,1892.0,2607.1442
2022-04-28,1891.0,1902.0,1880.0,1898.0,2426.88
2022-04-29,1898.0,1927.0,1896.0,1906.0,2972.5992
2022-04-30,1906.0,1910.0,1897.0,1899.0,1253.415
2022-05-01,1899.0,1910.0,1893.0,1905.0,1538.9013
2022-05-02,1905.0,1906.0,1856.0,1871.0,4037.7994
2022-05-03,1871.0,1879.0,1851.0,1871.0,3139.853
2022-05-04,1871.0,1893.0,1864.0,1892.0,2196.2792
2022-05-05,1892.0,1908.0,1870.0,1878.0,3291.6924
2022-05-06,1878.0,1894.0,1869.0,1885.0,2689.0819
2022-05-07,1885.0,1903.0,1879.0,1887.0,1399.6279
2022-05-08,1887.0,1896.0,1881.0,1885.0,2331.7772
2022-05-09,1885.0,1886.0,1847.0,1856.0,5529.9093
2022-05-10,1856.0,1867.0,1832.0,1835.0,5855.1925
2022-05-11,1835.0,1872.0,1821.0,1860.0,10376.2778
2022-05-12,1859.0,1954.0,1823.0,1836.0,23562.6999
2022-05-13,1838.0,1855.0,1800.0,1811.0,7265.7753
2022-05-14,1811.0,1829.0,1807.0,1813.0,1748.8997
2022-05-15,1814.0,1821.0,1804.0,1811.0,1317.5222
2022-05-16,1811.0,1830.0,1791.0,1828.0,3006.4371
2022-05-17,1828.0,1841.0,1818.0,1820.0,3474.3913
2022-05-18,1820.0,1833.0,1810.0,1819.0,2269.7994
2022-05-19,1819.0,1855.0,1815.0,1853.0,6320.4332
2022-05-20,1853.0,1855.0,1836.0,1853.0,2716.7312
2022-05-21,1854.0,1858.0,1849.0,1855.0,929.7505
2022-05-22,1855.0,1859.0,1846.0,1853.0,1268.4225
2022-05-23,1854.0,1871.0,1847.0,1856.0,2343.7737
2022-05-24,1856.0,1877.0,1853.0,1870.0,2077.6258
2022-05-25,1870.0,1871.0,1847.0,1857.0,1704.8451
2022-05-26,1857.0,1866.0,1843.0,1853.0,2753.7024
2022-05-27,1853.0,1867.0,1846.0,1853.0,2406.2965
2022-05-28,1853.0,1863.0,1849.0,1855.0,694.7406
2022-05-29,1856.0,1861.0,1849.0,1850.0,606.4243
2022-05-30,1850.0,1867.0,1850.0,1858.0,1636.9577
2022-05-31,1858.0,1867.0,1833.0,1837.0,1788.7529
2022-06-01,1838.0,1854.0,1821.0,1852.0,1860.2966
2022-06-02,1851.0,1874.0,1847.0,1870.0,1423.949
2022-06-03,1870.0,1877.0,1851.0,1857.0,1237.8041
2022-06-04,1857.0,1870.0,1850.0,1862.0,610.4121
2022-06-05,1862.0,1875.0,1853.0,1855.0,883.0465
2022-06-06,1854.0,1865.0,1843.0,1844.0,1981.1973
2022-06-07,1844.0,1862.0,1834.0,1857.0,2188.2565
2022-06-08,1857.0,1863.0,1844.0,1857.0,1677.8082
2022-06-09,1858.0,1859.0,1842.0,1847.0,1109.3598
2022-06-10,1847.0,1878.0,1830.0,1872.0,2525.6928
2022-06-11,1872.0,1886.0,1864.0,1881.0,2643.0535
2022-06-12,1881.0,1897.0,1876.0,1883.0,3018.7187
2022-06-13,1884.0,1887.0,1821.0,1827.0,11038.9708
2022-06-14,1827.0,1840.0,1802.0,1816.0,6047.1645
2022-06-15,1816.0,1849.0,1810.0,1838.0,8137.8463
2022-06-16,1838.0,1870.0,1822.0,1860.0,3168.9071
2022-06-17,1859.0,1866.0,1839.0,1843.0,3885.3768
2022-06-18,1843.0,1857.0,1817.0,1826.0,5316.2366
2022-06-19,1826.0,1845.0,1817.0,1844.0,3318.1436
2022-06-20,1843.0,1853.0,1838.0,1850.0,2827.2402
2022-06-21,1850.0,1851.0,1832.0,1836.0,1579.2866
2022-06-22,1835.0,1855.0,1824.0,1843.0,1845.2481
2022-06-23,1843.0,1848.0,1821.0,1830.0,1587.4015
2022-06-24,1829.0,1841.0,1822.0,1825.0,1756.3562
2022-06-25,1825.0,1830.0,1820.0,1825.0,874.0781
2022-06-26,1826.0,1835.0,1818.0,1830.0,1819.096
2022-06-27,1831.0,1840.0,1823.0,1829.0,1750.8042
2022-06-28,1828.0,1838.0,1822.0,1824.0,4306.9148
2022-06-29,1824.0,1837.0,1817.0,1824.0,1641.5922
2022-06-30,1823.0,1829.0,1808.0,1816.0,2558.7084
2022-07-01,1816.0,1821.0,1792.0,1807.0,3495.8562
2022-07-02,1807.0,1818.0,1806.0,1813.0,1029.2355
2022-07-03,1813.0,1820.0,1802.0,1814.0,1191.734
2022-07-04,1813.0,1818.0,1806.0,1815.0,1425.0641
2022-07-05,1814.0,1820.0,1757.0,1771.0,2931.592
2022-07-06,1770.0,1777.0,1732.0,1746.0,2282.8982
2022-07-07,1746.0,1755.0,1738.0,1742.0,1836.5966
2022-07-08,1743.0,1756.0,1732.0,1743.0,2548.1843
2022-07-09,1743.0,1745.0,1734.0,1739.0,644.5115
2022-07-10,1738.0,1746.0,1735.0,1744.0,784.9822
2022-07-11,1743.0,1745.0,1726.0,1734.0,1596.2371
2022-07-12,1735.0,1745.0,1723.0,1726.0,2415.4836
2022-07-13,1726.0,1751.0,1701.0,1737.0,4567.92092
2022-07-14,1736.0,1737.0,1699.0,1715.0,1869.589211
2022-07-15,1714.0,1719.0,1700.0,1704.0,1739.962
2022-07-16,1704.0,1715.0,1678.0,1697.0,3298.5165
2022-07-17,1698.0,1708.0,1679.0,1706.0,2248.6612
2022-07-18,1706.0,1723.0,1703.0,1706.0,2175.7715
2022-07-19,1706.0,1718.0,1700.0,1705.0,2607.6004
2022-07-20,1706.0,1714.0,1688.0,1697.0,2340.7896
2022-07-21,1696.0,1719.0,1680.0,1716.0,2077.0256
2022-07-22,1716.0,1734.0,1709.0,1727.0,2679.3594
2022-07-23,1727.0,1730.0,1722.0,1723.0,856.2102
2022-07-24,1724.0,1729.0,1722.0,1723.0,1178.3942
2022-07-25,1724.0,1732.0,1713.0,1715.0,2084.5534
2022-07-26,1715.0,1727.0,1710.0,1719.0,1589.3291
2022-07-27,1719.0,1739.0,1711.0,1735.0,1802.0196
2022-07-28,1736.0,1758.0,1726.0,1748.0,3829.9411
2022-07-29,1749.0,1771.0,1722.0,1764.0,2341.2549
2022-07-30,1764.0,1767.0,1760.0,1764.0,809.6322
2022-07-31,1764.0,1774.0,1761.0,1763.0,1476.5062
2022-08-01,1763.0,1773.0,1757.0,1771.0,1414.1345
2022-08-02,1771.0,1788.0,1751.0,1752.0,3063.5963
2022-08-03,1753.0,1769.0,1749.0,1759.0,1586.0701
2022-08-04,1759.0,1792.0,1758.0,1788.0,1531.5248
2022-08-05,1789.0,1791.0,1762.0,1773.0,1425.8231
2022-08-06,1774.0,1774.0,1766.0,1768.0,529.7912
2022-08-07,1768.0,1770.0,1766.0,1768.0,504.7297
2022-08-08,1768.0,1791.0,1767.0,1782.0,2670.492
2022-08-09,1782.0,1799.0,1776.0,1790.0,1742.7009
2022-08-10,1791.0,1802.0,1779.0,1786.0,1652.4646
2022-08-11,1787.0,1795.0,1778.0,1779.0,1454.5951
2022-08-12,1780.0,1797.0,1776.0,1794.0,971.4624
2022-08-13,1795.0,1798.0,1791.0,1793.0,531.6559
2022-08-14,1794.0,1798.0,1789.0,1791.0,1042.8342
2022-08-15,1790.0,1795.0,1768.0,1774.0,1428.9365
2022-08-16,1775.0,1776.0,1767.0,1771.0,1041.9264
2022-08-17,1771.0,1777.0,1754.0,1757.0,1644.1849
2022-08-18,1757.0,1765.0,1749.0,1751.0,762.0882
2022-08-19,1751.0,1769.0,1720.0,1738.0,3323.4773
2022-08-20,1739.0,1742.0,1736.0,1739.0,958.2937
2022-08-21,1740.0,1743.0,1734.0,1740.0,918.3857
2022-08-22,1740.0,1741.0,1723.0,1731.0,1351.7474
2022-08-23,1731.0,1750.0,1727.0,1747.0,3105.7883
2022-08-24,1747.0,1750.0,1739.0,1745.0,1214.2923
2022-08-25,1744.0,1759.0,1744.0,1751.0,693.6734
2022-08-26,1752.0,1752.0,1726.0,1728.0,2080.3583
2022-08-27,1729.0,1732.0,1721.0,1729.0,840.0296
2022-08-28,1730.0,1735.0,1723.0,1725.0,916.0853
2022-08-29,1725.0,1738.0,1702.0,1730.0,1604.8293
2022-08-30,1731.0,1732.0,1709.0,1714.0,1455.7283
2022-08-31,1715.0,1723.0,1700.0,1703.0,1493.7809
2022-09-01,1702.0,1704.0,1683.0,1690.0,2123.7637
2022-09-02,1690.0,1710.0,1688.0,1702.0,1365.4443
2022-09-03,1703.0,1707.0,1700.0,1705.0,392.8261
2022-09-04,1706.0,1708.0,1701.0,1703.0,332.4389
2022-09-05,1703.0,1710.0,1699.0,1708.0,954.0267
2022-09-06,1709.0,1721.0,1677.0,1693.0,2171.7983
2022-09-07,1694.0,1718.0,1682.0,1708.0,1995.3702
2022-09-08,1708.0,1720.0,1697.0,1703.0,1266.8019
2022-09-09,1703.0,1725.0,1702.0,1710.0,1368.0934
2022-09-10,1710.0,1715.0,1708.0,1713.0,716.5228
2022-09-11,1713.0,1718.0,1708.0,1714.0,610.272
2022-09-12,1715.0,1734.0,1706.0,1718.0,2007.1949
2022-09-13,1718.0,1727.0,1691.0,1694.0,2559.743
2022-09-14,1694.0,1699.0,1686.0,1689.0,1022.0823
2022-09-15,1689.0,1690.0,1649.0,1654.0,3455.2124
2022-09-16,1654.0,1671.0,1640.0,1666.0,1495.3848
2022-09-17,1666.0,1670.0,1662.0,1668.0,613.3452
2022-09-18,1669.0,1671.0,1661.0,1668.0,831.2212
2022-09-19,1668.0,1670.0,1650.0,1666.0,1912.4006
2022-09-20,1667.0,1671.0,1645.0,1657.0,1141.615
2022-09-21,1657.0,1681.0,1646.0,1661.0,2842.4207
2022-09-22,1661.0,1676.0,1651.0,1666.0,1500.9576
2022-09-23,1666.0,1668.0,1633.0,1638.0,2053.6805
2022-09-24,1638.0,1639.0,1634.0,1638.0,604.6469
2022-09-25,1638.0,1639.0,1630.0,1634.0,722.3073
2022-09-26,1635.0,1641.0,1606.0,1619.0,2983.1454
2022-09-27,1620.0,1633.0,1617.0,1622.0,1650.0084
2022-09-28,1621.0,1656.0,1607.0,1648.0,2316.2562
2022-09-29,1649.0,1656.0,1634.0,1655.0,1212.8105
2022-09-30,1656.0,1670.0,1652.0,1656.0,1042.2155
2022-10-01,1656.0,1661.0,1651.0,1655.0,252.8578
2022-10-02,1654.0,1659.0,1651.0,1656.0,677.0613
2022-10-03,1657.0,1698.0,1654.0,1696.0,1074.1921
2022-10-04,1696.0,1722.0,1691.0,1720.0,1665.4668
2022-10-05,1721.0,1721.0,1695.0,1710.0,954.3086
2022-10-06,1710.0,1717.0,1700.0,1704.0,632.135
2022-10-07,1704.0,1708.0,1684.0,1690.0,1098.8316
2022-10-08,1691.0,1691.0,1682.0,1688.0,369.2089
2022-10-09,1689.0,1691.0,1685.0,1689.0,243.8761
2022-10-10,1690.0,1690.0,1659.0,1663.0,1060.3781
2022-10-11,1663.0,1675.0,1656.0,1660.0,872.3549
2022-10-12,1660.0,1671.0,1657.0,1665.0,659.5147
2022-10-13,1666.0,1673.0,1639.0,1658.0,1600.0393
2022-10-14,1657.0,1664.0,1630.0,1637.0,1016.8921
2022-10-15,1637.0,1639.0,1634.0,1637.0,269.8173
2022-10-16,1637.0,1642.0,1636.0,1641.0,266.3196
2022-10-17,1641.0,1660.0,1639.0,1645.0,1109.2078
2022-10-18,1646.0,1652.0,1640.0,1645.0,515.2042
2022-10-19,1646.0,1647.0,1612.0,1620.0,862.3752
2022-10-20,1621.0,1638.0,1617.0,1620.0,620.9044
2022-10-21,1620.0,1650.0,1610.0,1649.0,940.6849
2022-10-22,1649.0,1653.0,1648.0,1651.0,205.4877
2022-10-23,1651.0,1662.0,1650.0,1657.0,514.1731
2022-10-24,1657.0,1657.0,1638.0,1644.0,576.9082
2022-10-25,1645.0,1659.0,1634.0,1646.0,1654.7166
2022-10-26,1645.0,1671.0,1644.0,1659.0,1324.6952
2022-10-27,1660.0,1662.0,1648.0,1654.0,1184.3516
2022-10-28,1655.0,1658.0,1633.0,1638.0,903.7268
2022-10-29,1638.0,1643.0,1634.0,1638.0,848.157
2022-10-30,1638.0,1642.0,1635.0,1638.0,416.3616
2022-10-31,1638.0,1639.0,1622.0,1627.0,984.3601
2022-11-01,1628.0,1648.0,1626.0,1638.0,1530.9535
2022-11-02,1639.0,1661.0,1625.0,1628.0,2048.8303
2022-11-03,1629.0,1637.0,1612.0,1626.0,1157.1944
2022-11-04,1627.0,1673.0,1623.0,1671.0,1865.4374
2022-11-05,1672.0,1674.0,1664.0,1671.0,673.8062
2022-11-06,1672.0,1674.0,1662.0,1665.0,873.742
2022-11-07,1664.0,1673.0,1654.0,1666.0,1354.898
2022-11-08,1666.0,1714.0,1657.0,1702.0,6748.0817
2022-11-09,1701.0,1717.0,1675.0,1697.0,10658.2748
2022-11-10,1699.0,1758.0,1690.0,1747.0,8928.1416
2022-11-11,1748.0,1786.0,1733.0,1779.0,5177.8481
2022-11-12,1780.0,1780.0,1698.0,1734.0,16199.5071
2022-11-13,1734.0,1750.0,1723.0,1741.0,3096.4176
2022-11-14,1741.0,1767.0,1718.0,1747.0,11369.0116
2022-11-15,1747.0,1783.0,1724.0,1774.0,4892.1314
2022-11-16,1774.0,1777.0,1758.0,1766.0,1887.5969
2022-11-17,1766.0,1778.0,1740.0,1757.0,5001.0573
2022-11-18,1757.0,1761.0,1737.0,1741.0,1302.4942
2022-11-19,1741.0,1751.0,1739.0,1747.0,372.0854
2022-11-20,1747.0,1750.0,1737.0,1749.0,1119.7133
2022-11-21,1749.0,1752.0,1729.0,1736.0,2590.2006
2022-11-22,1737.0,1748.0,1733.0,1737.0,1387.3005
2022-11-23,1737.0,1745.0,1723.0,1744.0,1236.1539
2022-11-24,1743.0,1750.0,1740.0,1747.0,938.471
2022-11-25,1747.0,1754.0,1742.0,1749.0,744.519
2022-11-26,1749.0,1767.0,1748.0,1748.0,694.6043
2022-11-27,1749.0,1755.0,1746.0,1747.0,354.9526
2022-11-28,1747.0,1755.0,1737.0,1740.0,1051.8346
2022-11-29,1740.0,1752.0,1729.0,1741.0,1604.9769
2022-11-30,1741.0,1764.0,1737.0,1763.0,1273.6006
2022-12-01,1763.0,1794.0,1762.0,1791.0,1383.2427
2022-12-02,1791.0,1794.0,1771.0,1787.0,900.7271
2022-12-03,1786.0,1790.0,1775.0,1787.0,457.1662
2022-12-04,1787.0,1795.0,1786.0,1791.0,343.2462
2022-12-05,1790.0,1803.0,1767.0,1772.0,1025.0094
2022-12-06,1772.0,1783.0,1772.0,1774.0,394.1012
2022-12-07,1774.0,1790.0,1771.0,1788.0,837.4683
2022-12-08,1787.0,1789.0,1779.0,1788.0,414.8279
2022-12-09,1788.0,1802.0,1787.0,1794.0,1023.4437
2022-12-10,1793.0,1800.0,1782.0,1791.0,891.2771
2022-12-11,1791.0,1801.0,1789.0,1796.0,843.3822
2022-12-12,1797.0,1800.0,1774.0,1778.0,1300.7223
2022-12-13,1778.0,1815.0,1773.0,1809.0,2586.4992
2022-12-14,1810.0,1827.0,1798.0,1802.0,1407.9365
2022-12-15,1803.0,1807.0,1773.0,1792.0,2161.2485
2022-12-16,1792.0,1807.0,1774.0,1801.0,1394.5404
2022-12-17,1801.0,1810.0,1799.0,1802.0,529.7041
2022-12-18,1802.0,1806.0,1792.0,1799.0,488.7085
2022-12-19,1797.0,1805.0,1790.0,1798.0,594.4881
2022-12-20,1798.0,1818.0,1787.0,1813.0,1038.7116
2022-12-21,1813.0,1820.0,1808.0,1815.0,428.1819
2022-12-22,1815.0,1824.0,1790.0,1795.0,667.7535
2022-12-23,1794.0,1815.0,1794.0,1806.0,317.9086
2022-12-24,1806.0,1808.0,1800.0,1802.0,100.354
2022-12-25,1802.0,1802.0,1793.0,1800.0,236.2154
2022-12-26,1800.0,1803.0,1794.0,1800.0,220.6915
2022-12-27,1800.0,1821.0,1799.0,1815.0,590.8674
2022-12-28,1814.0,1815.0,1802.0,1809.0,481.0983
2022-12-29,1810.0,1817.0,1802.0,1815.0,761.8554
2022-12-30,1815.0,1824.0,1806.0,1822.0,962.2273
2022-12-31,1821.0,1825.0,1817.0,1822.0,327.9029
2023-01-01,1822.0,1825.0,1819.0,1824.0,242.839
2023-01-02,1823.0,1830.0,1815.0,1823.0,765.8013
2023-01-03,1823.0,1844.0,1823.0,1841.0,1664.2823
2023-01-04,1841.0,1868.0,1837.0,1852.0,1089.697
2023-01-05,1853.0,1856.0,1832.0,1835.0,722.9223
2023-01-06,1834.0,1858.0,1830.0,1853.0,1022.238
2023-01-07,1854.0,1861.0,1852.0,1860.0,448.1253
2023-01-08,1860.0,1862.0,1855.0,1858.0,645.0631
2023-01-09,1858.0,1868.0,1856.0,1862.0,1136.2774
2023-01-10,1861.0,1868.0,1859.0,1865.0,464.0215
2023-01-11,1864.0,1883.0,1860.0,1873.0,913.4917
2023-01-12,1873.0,1894.0,1858.0,1884.0,1567.518
2023-01-13,1884.0,1902.0,1879.0,1896.0,1252.9195
2023-01-14,1895.0,1902.0,1880.0,1889.0,1927.3069
2023-01-15,1889.0,1902.0,1885.0,1901.0,848.4345
2023-01-16,1901.0,1906.0,1885.0,1887.0,841.7865
2023-01-17,1887.0,1896.0,1883.0,1889.0,796.2695
2023-01-18,1890.0,1897.0,1880.0,1888.0,808.6043
2023-01-19,1888.0,1919.0,1881.0,1917.0,828.8865
2023-01-20,1917.0,1922.0,1902.0,1906.0,861.1488
2023-01-21,1905.0,1912.0,1902.0,1905.0,536.91
2023-01-22,1907.0,1914.0,1902.0,1907.0,545.1143
2023-01-23,1908.0,1915.0,1900.0,1909.0,638.7227
2023-01-24,1910.0,1913.0,1897.0,1907.0,1040.7794
2023-01-25,1907.0,1926.0,1900.0,1920.0,1117.296
2023-01-26,1922.0,1927.0,1911.0,1919.0,732.6409
2023-01-27,1920.0,1921.0,1913.0,1915.0,597.3457
2023-01-28,1915.0,1919.0,1911.0,1915.0,244.5272
2023-01-29,1915.0,1921.0,1905.0,1914.0,785.4772
2023-01-30,1913.0,1914.0,1890.0,1896.0,680.6497
2023-01-31,1896.0,1906.0,1872.0,1898.0,986.0965
2023-02-01,1899.0,1919.0,1895.0,1916.0,1010.6421
2023-02-02,1915.0,1924.0,1896.0,1906.0,1572.5166
2023-02-03,1906.0,1907.0,1859.0,1869.0,1462.8543
2023-02-04,1867.0,1873.0,1848.0,1859.0,949.0243
2023-02-05,1860.0,1862.0,1853.0,1857.0,670.2938
2023-02-06,1857.0,1874.0,1857.0,1868.0,700.0163
2023-02-07,1868.0,1875.0,1854.0,1861.0,1031.5322
2023-02-08,1861.0,1867.0,1851.0,1860.0,677.5201
2023-02-09,1863.0,1871.0,1842.0,1845.0,1153.4057
2023-02-10,1845.0,1847.0,1810.0,1825.0,1266.084
2023-02-11,1825.0,1836.0,1816.0,1831.0,592.9761
2023-02-12,1830.0,1833.0,1821.0,1827.0,363.8533
2023-02-13,1827.0,1831.0,1716.0,1808.0,8868.6398
2023-02-14,1807.0,1850.0,1803.0,1834.0,4229.8914
2023-02-15,1834.0,1842.0,1811.0,1826.0,875.2492
2023-02-16,1826.0,1836.0,1811.0,1821.0,1716.7921
2023-02-17,1821.0,1830.0,1800.0,1815.0,1321.2505
2023-02-18,1816.0,1826.0,1809.0,1823.0,453.8299
2023-02-19,1823.0,1826.0,1817.0,1822.0,474.0193
2023-02-20,1821.0,1828.0,1811.0,1816.0,736.7047
2023-02-21,1815.0,1818.0,1806.0,1812.0,661.5083
2023-02-22,1813.0,1820.0,1807.0,1811.0,785.6217
2023-02-23,1811.0,1820.0,1806.0,1814.0,479.4999
2023-02-24,1814.0,1816.0,1791.0,1800.0,650.5619
2023-02-25,1800.0,1802.0,1791.0,1793.0,315.3581
2023-02-26,1792.0,1799.0,1791.0,1796.0,251.2295
2023-02-27,1796.0,1806.0,1792.0,1805.0,468.5731
2023-02-28,1804.0,1816.0,1792.0,1809.0,1285.5986
2023-03-01,1808.0,1828.0,1806.0,1823.0,741.2098
2023-03-02,1824.0,1828.0,1816.0,1828.0,583.1823
2023-03-03,1827.0,1847.0,1819.0,1842.0,1499.4782
2023-03-04,1842.0,1851.0,1840.0,1851.0,562.5172
2023-03-05,1850.0,1863.0,1842.0,1846.0,516.643
2023-03-06,1846.0,1862.0,1830.0,1832.0,838.1393
2023-03-07,1832.0,1840.0,1801.0,1805.0,772.8059
2023-03-08,1804.0,1813.0,1797.0,1806.0,922.1766
2023-03-09,1806.0,1820.0,1802.0,1810.0,1029.3812
2023-03-10,1809.0,1874.0,1808.0,1860.0,2659.964
2023-03-11,1860.0,1937.0,1859.0,1889.0,9267.9335
2023-03-12,1887.0,1938.0,1876.0,1902.0,3293.5243
2023-03-13,1904.0,1976.0,1882.0,1921.0,4740.1566
2023-03-14,1922.0,1939.0,1891.0,1905.0,3262.8695
2023-03-15,1904.0,1949.0,1892.0,1924.0,3371.0121
2023-03-16,1924.0,1940.0,1902.0,1908.0,1821.415
2023-03-17,1908.0,2000.0,1900.0,1960.0,3982.0213
2023-03-18,1960.0,1965.0,1948.0,1962.0,1727.7591
2023-03-19,1962.0,1980.0,1961.0,1969.0,2293.5242
2023-03-20,1971.0,2017.0,1963.0,1981.0,2614.3837
2023-03-21,1982.0,1988.0,1931.0,1945.0,1529.3483
2023-03-22,1944.0,1982.0,1938.0,1974.0,2309.7889
2023-03-23,1974.0,2010.0,1971.0,1991.0,1980.9954
2023-03-24,1992.0,2010.0,1978.0,1986.0,1379.504
2023-03-25,1986.0,2031.0,1983.0,1998.0,1089.9749
2023-03-26,1997.0,2002.0,1986.0,1989.0,705.1581
2023-03-27,1989.0,1992.0,1962.0,1980.0,1408.128
2023-03-28,1981.0,1998.0,1971.0,1985.0,1711.465
2023-03-29,1986.0,1997.0,1979.0,1982.0,1141.4469
2023-03-30,1983.0,1988.0,1968.0,1983.0,1312.2592
2023-03-31,1983.0,1992.0,1970.0,1976.0,683.5691
2023-04-01,1977.0,1981.0,1969.0,1976.0,519.7687
2023-04-02,1977.0,1980.0,1968.0,1972.0,461.3646
2023-04-03,1971.0,1993.0,1962.0,1985.0,1131.1175
2023-04-04,1985.0,2029.0,1978.0,2024.0,1603.0644
2023-04-05,2024.0,2054.0,2023.0,2030.0,2405.7929
2023-04-06,2031.0,2031.0,2008.0,2016.0,1107.7114
2023-04-07,2017.0,2027.0,2009.0,2020.0,878.001
2023-04-08,2021.0,2026.0,2015.0,2018.0,506.5026
2023-04-09,2019.0,2028.0,2013.0,2019.0,637.6842
2023-04-10,2019.0,2021.0,1998.0,2004.0,1450.7692
2023-04-11,2004.0,2030.0,2000.0,2021.0,1990.0331
2023-04-12,2022.0,2033.0,2015.0,2025.0,2644.4184
2023-04-13,2025.0,2049.0,2025.0,2043.0,1306.159
2023-04-14,2044.0,2053.0,2001.0,2015.0,3409.5061
2023-04-15,2015.0,2025.0,2013.0,2016.0,558.4811
2023-04-16,2016.0,2025.0,2012.0,2018.0,675.6297
2023-04-17,2018.0,2030.0,2000.0,2012.0,1913.8278
2023-04-18,2012.0,2028.0,2008.0,2012.0,1323.4642
2023-04-19,2013.0,2015.0,1991.0,2003.0,2319.088
2023-04-20,2004.0,2014.0,1995.0,2007.0,1300.7569
2023-04-21,2006.0,2006.0,1981.0,1984.0,1375.3613
2023-04-22,1984.0,1987.0,1981.0,1983.0,512.6494
2023-04-23,1983.0,1988.0,1981.0,1987.0,602.9026
2023-04-24,1986.0,1997.0,1981.0,1996.0,1119.1239
2023-04-25,1995.0,2014.0,1983.0,2003.0,1336.9016
2023-04-26,2002.0,2006.0,1984.0,1988.0,2072.1954
2023-04-27,1987.0,2000.0,1981.0,1986.0,1286.8578
2023-04-28,1986.0,1994.0,1983.0,1987.0,896.2434
2023-04-29,1987.0,2008.0,1986.0,1998.0,550.7967
2023-04-30,1998.0,2002.0,1993.0,1999.0,458.1957
2023-05-01,1999.0,2004.0,1985.0,1995.0,1423.0595
2023-05-02,1995.0,2021.0,1981.0,2014.0,1800.8715
2023-05-03,2013.0,2047.0,2007.0,2044.0,1873.9561
2023-05-04,2044.0,2087.0,2030.0,2049.0,1878.14
2023-05-05,2049.0,2055.0,2009.0,2018.0,1988.5932
2023-05-06,2018.0,2023.0,2013.0,2020.0,725.3883
2023-05-07,2021.0,2021.0,2012.0,2015.0,468.8169
2023-05-08,2014.0,2032.0,2009.0,2026.0,1642.448
2023-05-09,2025.0,2042.0,2024.0,2039.0,1224.9038
2023-05-10,2039.0,2050.0,2028.0,2043.0,1550.2306
2023-05-11,2043.0,2050.0,2015.0,2024.0,2252.974
2023-05-12,2024.0,2033.0,2011.0,2024.0,1481.977
2023-05-13,2024.0,2027.0,2010.0,2019.0,463.5727
2023-05-14,2019.0,2021.0,2014.0,2018.0,338.4338
2023-05-15,2018.0,2028.0,2010.0,2017.0,1166.2807
2023-05-16,2016.0,2018.0,1989.0,1995.0,1401.0263
2023-05-17,1996.0,2002.0,1981.0,1995.0,1382.1767
2023-05-18,1995.0,1996.0,1969.0,1979.0,1454.6124
2023-05-19,1978.0,1999.0,1974.0,1997.0,754.2201
2023-05-20,1997.0,2000.0,1990.0,1993.0,721.0655
2023-05-21,1994.0,1998.0,1986.0,1989.0,362.5783
2023-05-22,1989.0,1989.0,1976.0,1980.0,609.4688
2023-05-23,1980.0,1988.0,1971.0,1985.0,1082.3288
2023-05-24,1985.0,1994.0,1971.0,1971.0,1053.0959
2023-05-25,1972.0,1976.0,1958.0,1964.0,920.8153
2023-05-26,1964.0,1977.0,1961.0,1962.0,961.5273
2023-05-27,1962.0,1968.0,1961.0,1964.0,297.0184
2023-05-28,1964.0,1970.0,1961.0,1962.0,759.6801
2023-05-29,1962.0,1963.0,1953.0,1958.0,1125.7012
2023-05-30,1958.0,1974.0,1947.0,1969.0,950.9032
2023-05-31,1969.0,1981.0,1964.0,1969.0,1214.3605
2023-06-01,1968.0,1986.0,1957.0,1981.0,1475.3518
2023-06-02,1981.0,1986.0,1953.0,1956.0,1265.3559
2023-06-03,1955.0,1956.0,1942.0,1946.0,976.7867
2023-06-04,1946.0,1955.0,1940.0,1946.0,715.3481
2023-06-05,1946.0,1955.0,1916.0,1920.0,2807.0224
2023-06-06,1920.0,1952.0,1916.0,1935.0,2377.848
2023-06-07,1936.0,1939.0,1913.0,1924.0,1727.1598
2023-06-08,1925.0,1940.0,1916.0,1921.0,1504.0531
2023-06-09,1921.0,1936.0,1910.0,1916.0,1377.6713
2023-06-10,1917.0,1931.0,1890.0,1920.0,2523.8894
2023-06-11,1920.0,1925.0,1910.0,1918.0,711.8727
2023-06-12,1918.0,1935.0,1911.0,1931.0,1059.8379
2023-06-13,1932.0,1940.0,1912.0,1916.0,1370.4917
2023-06-14,1915.0,1940.0,1915.0,1919.0,1060.5879
2023-06-15,1919.0,1939.0,1910.0,1933.0,1916.2749
2023-06-16,1934.0,1948.0,1925.0,1945.0,1886.6096
2023-06-17,1944.0,1949.0,1927.0,1929.0,521.3637
2023-06-18,1930.0,1935.0,1925.0,1928.0,338.7987
2023-06-19,1929.0,1932.0,1921.0,1926.0,536.5308
2023-06-20,1926.0,1933.0,1920.0,1924.0,1002.0286
2023-06-21,1924.0,1931.0,1915.0,1924.0,1978.0931
2023-06-22,1925.0,1925.0,1901.0,1908.0,1496.3091
2023-06-23,1908.0,1919.0,1894.0,1908.0,1152.855
2023-06-24,1908.0,1916.0,1901.0,1908.0,812.6364
2023-06-25,1909.0,1911.0,1899.0,1905.0,416.8157
2023-06-26,1906.0,1919.0,1900.0,1906.0,1002.2615
2023-06-27,1906.0,1914.0,1901.0,1904.0,619.125
2023-06-28,1904.0,1906.0,1886.0,1891.0,1033.0279
2023-06-29,1891.0,1899.0,1884.0,1893.0,851.0749
2023-06-30,1894.0,1909.0,1890.0,1902.0,1222.1616
2023-07-01,1903.0,1905.0,1890.0,1895.0,613.6278
2023-07-02,1896.0,1900.0,1894.0,1897.0,461.7619
2023-07-03,1898.0,1907.0,1882.0,1897.0,1415.5453
2023-07-04,1897.0,1904.0,1889.0,1898.0,930.2652
2023-07-05,1899.0,1904.0,1890.0,1893.0,956.7466
2023-07-06,1894.0,1905.0,1886.0,1891.0,1201.6662
2023-07-07,1891.0,1914.0,1888.0,1904.0,1028.4021
2023-07-08,1905.0,1907.0,1901.0,1903.0,218.0791
2023-07-09,1904.0,1907.0,1899.0,1904.0,291.854
2023-07-10,1903.0,1910.0,1896.0,1907.0,804.7283
2023-07-11,1908.0,1921.0,1907.0,1919.0,888.1627
2023-07-12,1919.0,1947.0,1910.0,1945.0,1523.4031
2023-07-13,1945.0,1960.0,1931.0,1939.0,2261.1373
2023-07-14,1940.0,1949.0,1926.0,1926.0,1486.9337
2023-07-15,1927.0,1930.0,1920.0,1921.0,278.6941
2023-07-16,1920.0,1928.0,1919.0,1925.0,458.4989
2023-07-17,1925.0,1944.0,1912.0,1918.0,1636.2615
2023-07-18,1918.0,1952.0,1914.0,1939.0,2048.0944
2023-07-19,1938.0,1945.0,1935.0,1939.0,855.741
2023-07-20,1938.0,1944.0,1929.0,1934.0,1729.7756
2023-07-21,1934.0,1938.0,1921.0,1924.0,842.9863
2023-07-22,1924.0,1929.0,1921.0,1927.0,420.5267
2023-07-23,1927.0,1934.0,1923.0,1933.0,230.2455
2023-07-24,1932.0,1947.0,1930.0,1936.0,923.1192
2023-07-25,1937.0,1951.0,1929.0,1945.0,619.4241
2023-07-26,1945.0,1965.0,1941.0,1955.0,965.5258
2023-07-27,1956.0,1968.0,1934.0,1942.0,834.1567
2023-07-28,1942.0,1951.0,1938.0,1950.0,339.5127
2023-07-29,1950.0,1954.0,1945.0,1947.0,120.0488
2023-07-30,1947.0,1960.0,1942.0,1947.0,194.746
2023-07-31,1946.0,1961.0,1938.0,1954.0,413.569
2023-08-01,1954.0,1954.0,1936.0,1948.0,581.4304
2023-08-02,1949.0,1949.0,1924.0,1929.0,657.8274
2023-08-03,1931.0,1937.0,1923.0,1934.0,407.044
2023-08-04,1934.0,1946.0,1924.0,1944.0,547.1975
2023-08-05,1944.0,1950.0,1938.0,1943.0,309.3453
2023-08-06,1942.0,1949.0,1934.0,1941.0,379.8258
2023-08-07,1941.0,1947.0,1930.0,1944.0,890.1909
2023-08-08,1945.0,1945.0,1928.0,1930.0,738.2562
2023-08-09,1930.0,1939.0,1915.0,1920.0,1022.2962
2023-08-10,1920.0,1929.0,1917.0,1917.0,542.6019
2023-08-11,1917.0,1924.0,1910.0,1910.0,409.7233
2023-08-12,1910.0,1912.0,1890.0,1904.0,719.3918
2023-08-13,1905.0,1911.0,1896.0,1906.0,261.7837
2023-08-14,1907.0,1915.0,1899.0,1902.0,488.3762
2023-08-15,1901.0,1911.0,1897.0,1899.0,442.2761
2023-08-16,1899.0,1908.0,1890.0,1894.0,613.1389
2023-08-17,1892.0,1902.0,1865.0,1871.0,1547.4452
2023-08-18,1872.0,1899.0,1867.0,1874.0,1107.1514
2023-08-19,1874.0,1883.0,1870.0,1875.0,386.3575
2023-08-20,1874.0,1879.0,1868.0,1876.0,331.7134
2023-08-21,1875.0,1886.0,1871.0,1879.0,500.1927
2023-08-22,1880.0,1899.0,1877.0,1888.0,628.9037
2023-08-23,1888.0,1918.0,1888.0,1910.0,864.7501
2023-08-24,1910.0,1913.0,1903.0,1909.0,473.5922
2023-08-25,1908.0,1913.0,1896.0,1903.0,369.6008
2023-08-26,1902.0,1905.0,1897.0,1904.0,177.6735
2023-08-27,1903.0,1907.0,1896.0,1899.0,237.8378
2023-08-28,1901.0,1911.0,1899.0,1905.0,432.4694
2023-08-29,1904.0,1920.0,1890.0,1913.0,875.2136
2023-08-30,1913.0,1929.0,1910.0,1923.0,510.03
2023-08-31,1924.0,1934.0,1912.0,1918.0,633.8369
2023-09-01,1918.0,1934.0,1915.0,1917.0,452.9516
2023-09-02,1917.0,1922.0,1912.0,1914.0,195.6568
2023-09-03,1914.0,1922.0,1912.0,1917.0,183.4661
2023-09-04,1917.0,1928.0,1916.0,1920.0,199.3521
2023-09-05,1920.0,1920.0,1906.0,1912.0,318.3779
2023-09-06,1911.0,1912.0,1891.0,1898.0,353.6209
2023-09-07,1898.0,1908.0,1898.0,1908.0,327.1557
2023-09-08,1908.0,1911.0,1897.0,1903.0,378.0459
2023-09-09,1903.0,1903.0,1896.0,1898.0,112.9052
2023-09-10,1899.0,1902.0,1890.0,1898.0,298.1421
2023-09-11,1898.0,1908.0,1897.0,1903.0,643.9741
2023-09-12,1903.0,1910.0,1885.0,1892.0,619.7511
2023-09-13,1892.0,1900.0,1882.0,1889.0,444.9151
2023-09-14,1888.0,1901.0,1888.0,1894.0,364.3161
2023-09-15,1894.0,1914.0,1893.0,1910.0,721.4402
2023-09-16,1909.0,1914.0,1904.0,1906.0,232.1392
2023-09-17,1906.0,1910.0,1902.0,1909.0,226.2571
2023-09-18,1909.0,1921.0,1906.0,1921.0,644.6649
2023-09-19,1921.0,1929.0,1914.0,1921.0,565.3179
2023-09-20,1920.0,1934.0,1914.0,1920.0,552.1436
2023-09-21,1921.0,1923.0,1907.0,1910.0,382.5266
2023-09-22,1911.0,1918.0,1909.0,1912.0,170.3178
2023-09-23,1911.0,1919.0,1911.0,1913.0,207.6659
2023-09-24,1914.0,1916.0,1910.0,1912.0,222.415
2023-09-25,1913.0,1919.0,1905.0,1908.0,360.5933
2023-09-26,1907.0,1915.0,1897.0,1899.0,348.5267
2023-09-27,1899.0,1901.0,1878.0,1881.0,737.0733
2023-09-28,1882.0,1884.0,1868.0,1871.0,811.1602
2023-09-29,1872.0,1884.0,1862.0,1864.0,690.0104
2023-09-30,1865.0,1870.0,1862.0,1868.0,284.5489
2023-10-01,1868.0,1873.0,1855.0,1865.0,535.65
2023-10-02,1865.0,1870.0,1839.0,1840.0,1055.1987
2023-10-03,1841.0,1841.0,1824.0,1827.0,851.4183
2023-10-04,1827.0,1839.0,1821.0,1836.0,826.2177
2023-10-05,1837.0,1839.0,1825.0,1830.0,473.1071
2023-10-06,1830.0,1842.0,1823.0,1840.0,588.3368
2023-10-07,1840.0,1857.0,1835.0,1855.0,458.4
2023-10-08,1856.0,1872.0,1849.0,1864.0,987.8042
2023-10-09,1863.0,1870.0,1850.0,1868.0,1536.7658
2023-10-10,1868.0,1872.0,1860.0,1863.0,443.5138
2023-10-11,1864.0,1880.0,1859.0,1876.0,722.747
2023-10-12,1875.0,1882.0,1862.0,1873.0,469.792
2023-10-13,1873.0,1922.0,1870.0,1917.0,1248.6246
2023-10-14,1917.0,1920.0,1908.0,1919.0,560.141
2023-10-15,1919.0,1935.0,1915.0,1916.0,905.111
2023-10-16,1916.0,1921.0,1892.0,1908.0,953.3262
2023-10-17,1908.0,1926.0,1900.0,1919.0,894.4025
2023-10-18,1919.0,1947.0,1916.0,1941.0,1181.0666
2023-10-19,1941.0,1964.0,1932.0,1962.0,1702.712
2023-10-20,1963.0,1979.0,1956.0,1965.0,1955.7296
2023-10-21,1965.0,1969.0,1957.0,1965.0,402.873
2023-10-22,1965.0,1975.0,1960.0,1965.0,532.6128
2023-10-23,1965.0,1975.0,1945.0,1954.0,1207.6761
2023-10-24,1956.0,1968.0,1936.0,1953.0,1614.719
2023-10-25,1952.0,1970.0,1949.0,1962.0,1056.3738
2023-10-26,1962.0,1972.0,1953.0,1966.0,1159.4105
2023-10-27,1966.0,1992.0,1961.0,1987.0,1505.0002
2023-10-28,1987.0,1993.0,1984.0,1986.0,389.3254
2023-10-29,1986.0,1992.0,1973.0,1983.0,948.5869
2023-10-30,1982.0,1989.0,1971.0,1976.0,695.4362
2023-10-31,1976.0,1986.0,1962.0,1966.0,725.2644
2023-11-01,1966.0,1973.0,1948.0,1964.0,982.8341
2023-11-02,1964.0,1968.0,1950.0,1963.0,1233.7318
2023-11-03,1962.0,1983.0,1958.0,1971.0,796.8975
2023-11-04,1971.0,1976.0,1954.0,1966.0,640.3525
2023-11-05,1966.0,1975.0,1946.0,1960.0,1163.9409
2023-11-06,1959.0,1966.0,1951.0,1956.0,577.6207
2023-11-07,1956.0,1956.0,1936.0,1947.0,847.671
2023-11-08,1947.0,1950.0,1928.0,1930.0,729.2888
2023-11-09,1930.0,1949.0,1924.0,1943.0,1510.4096
2023-11-10,1942.0,1945.0,1919.0,1924.0,1065.6159
2023-11-11,1924.0,1927.0,1913.0,1920.0,551.5726
2023-11-12,1920.0,1921.0,1913.0,1919.0,413.3305
2023-11-13,1919.0,1941.0,1913.0,1929.0,973.932
2023-11-14,1930.0,1953.0,1906.0,1942.0,1464.5624
2023-11-15,1941.0,1959.0,1933.0,1939.0,1055.018
2023-11-16,1940.0,1966.0,1930.0,1960.0,1309.0775
2023-11-17,1960.0,1977.0,1960.0,1967.0,895.8014
2023-11-18,1967.0,1969.0,1958.0,1960.0,379.641
2023-11-19,1961.0,1966.0,1951.0,1957.0,388.241
2023-11-20,1958.0,1965.0,1950.0,1961.0,594.612
2023-11-21,1961.0,1989.0,1959.0,1977.0,1534.6358
2023-11-22,1977.0,1988.0,1972.0,1982.0,815.8302
2023-11-23,1982.0,1988.0,1976.0,1980.0,699.4128
2023-11-24,1979.0,1989.0,1976.0,1985.0,552.938
2023-11-25,1985.0,1989.0,1975.0,1983.0,516.9441
2023-11-26,1982.0,1989.0,1980.0,1984.0,376.5531
2023-11-27,1983.0,2000.0,1983.0,1997.0,1193.6948
2023-11-28,1997.0,2031.0,1993.0,2023.0,1391.3297
2023-11-29,2023.0,2031.0,2011.0,2025.0,707.8786
2023-11-30,2024.0,2031.0,2015.0,2023.0,594.0375
2023-12-01,2023.0,2058.0,2019.0,2051.0,1626.5724
2023-12-02,2050.0,2053.0,2042.0,2044.0,731.7635
2023-12-03,2044.0,2095.0,2041.0,2088.0,1408.0093
2023-12-04,2090.0,2090.0,2014.0,2026.0,1746.3436
2023-12-05,2026.0,2034.0,2006.0,2012.0,1119.7601
2023-12-06,2012.0,2020.0,2002.0,2007.0,902.3528
2023-12-07,2007.0,2026.0,2005.0,2018.0,872.2539
2023-12-08,2018.0,2023.0,1989.0,2003.0,1136.6083
2023-12-09,2003.0,2012.0,1979.0,1997.0,1214.1321
2023-12-10,1997.0,1998.0,1982.0,1990.0,590.8098
2023-12-11,1991.0,1994.0,1965.0,1970.0,1529.2671
2023-12-12,1970.0,1979.0,1957.0,1964.0,850.2275
2023-12-13,1964.0,2012.0,1950.0,2011.0,1206.4808
2023-12-14,2012.0,2029.0,2001.0,2017.0,1344.298
2023-12-15,2017.0,2027.0,2001.0,2003.0,645.9078
2023-12-16,2003.0,2008.0,1993.0,1995.0,325.6519
2023-12-17,1996.0,2002.0,1989.0,1999.0,380.0865
2023-12-18,1997.0,2019.0,1997.0,2011.0,763.564
2023-12-19,2012.0,2028.0,2005.0,2020.0,788.799
2023-12-20,2020.0,2028.0,2007.0,2012.0,517.1314
2023-12-21,2011.0,2033.0,2010.0,2030.0,1163.1742
2023-12-22,2030.0,2048.0,2026.0,2028.0,938.1718
2023-12-23,2028.0,2038.0,2024.0,2026.0,487.8437
2023-12-24,2025.0,2032.0,2023.0,2029.0,336.17
2023-12-25,2028.0,2033.0,2016.0,2031.0,651.0827
2023-12-26,2030.0,2039.0,2024.0,2036.0,1099.3021
2023-12-27,2035.0,2058.0,2034.0,2053.0,933.5262
2023-12-28,2052.0,2069.0,2040.0,2047.0,672.3856
2023-12-29,2047.0,2054.0,2030.0,2035.0,930.799
2023-12-30,2034.0,2044.0,2022.0,2029.0,433.5404
2023-12-31,2028.0,2036.0,2024.0,2028.0,375.7676
2024-01-01,2027.0,2038.0,2024.0,2029.0,376.827
2024-01-02,2029.0,2051.0,2006.0,2035.0,1137.5066
2024-01-03,2033.0,2043.0,2000.0,2018.0,1198.4003
2024-01-04,2018.0,2028.0,2010.0,2021.0,603.9364
2024-01-05,2021.0,2040.0,2011.0,2020.0,806.3954
2024-01-06,2021.0,2022.0,2004.0,2016.0,411.0866
2024-01-07,2017.0,2021.0,2009.0,2015.0,271.6217
2024-01-08,2014.0,2025.0,2000.0,2007.0,970.4875
2024-01-09,2008.0,2022.0,2006.0,2015.0,543.3907
2024-01-10,2014.0,2028.0,1994.0,2000.0,1493.7578
2024-01-11,1999.0,2015.0,1990.0,2012.0,1683.0916
2024-01-12,2011.0,2034.0,2004.0,2022.0,1475.7701
2024-01-13,2021.0,2027.0,2016.0,2018.0,624.8768
2024-01-14,2018.0,2025.0,2015.0,2022.0,343.3811
2024-01-15,2022.0,2050.0,2022.0,2040.0,830.7194
2024-01-16,2040.0,2047.0,2011.0,2018.0,443.1314
2024-01-17,2019.0,2026.0,2000.0,2005.0,663.2903
2024-01-18,2005.0,2020.0,2001.0,2016.0,608.5376
2024-01-19,2015.0,2022.0,2005.0,2010.0,708.5657
2024-01-20,2010.0,2017.0,2007.0,2014.0,211.6311
2024-01-21,2013.0,2016.0,2006.0,2008.0,280.5738
2024-01-22,2008.0,2012.0,2000.0,2001.0,862.1079
2024-01-23,2002.0,2016.0,2000.0,2009.0,764.0902
2024-01-24,2009.0,2015.0,2000.0,2004.0,471.6606
2024-01-25,2004.0,2012.0,1994.0,2003.0,786.5136
2024-01-26,2004.0,2010.0,1998.0,1999.0,537.7527
2024-01-27,1999.0,2004.0,1993.0,1998.0,367.0814
2024-01-28,1998.0,2008.0,1994.0,2007.0,546.9876
2024-01-29,2007.0,2016.0,2001.0,2009.0,1225.9436
2024-01-30,2009.0,2016.0,2002.0,2015.0,1146.9997
2024-01-31,2015.0,2036.0,2012.0,2023.0,1095.7046
2024-02-01,2023.0,2044.0,2017.0,2036.0,856.6424
2024-02-02,2036.0,2040.0,2016.0,2025.0,431.9622
2024-02-03,2022.0,2049.0,2018.0,2019.0,245.1307
2024-02-04,2019.0,2027.0,2016.0,2019.0,351.0139
2024-02-05,2021.0,2021.0,2003.0,2008.0,378.1374
2024-02-06,2008.0,2026.0,2005.0,2016.0,410.5641
2024-02-07,2016.0,2025.0,2010.0,2017.0,527.0193
2024-02-08,2016.0,2021.0,1975.0,2013.0,925.8229
2024-02-09,2012.0,2016.0,1998.0,2002.0,1231.8674
2024-02-10,2001.0,2009.0,1984.0,1999.0,727.5927
2024-02-11,1999.0,2007.0,1996.0,2005.0,338.3558
2024-02-12,2004.0,2010.0,1994.0,2001.0,1772.8922
2024-02-13,2000.0,2009.0,1981.0,1987.0,770.7561
2024-02-14,1988.0,1994.0,1968.0,1980.0,1417.3712
2024-02-15,1980.0,1989.0,1971.0,1982.0,1102.0029
2024-02-16,1982.0,1996.0,1974.0,1986.0,1004.2683
2024-02-17,1985.0,1999.0,1985.0,1991.0,570.057
2024-02-18,1990.0,1994.0,1982.0,1991.0,662.0706
2024-02-19,1990.0,2000.0,1982.0,1989.0,879.7171
2024-02-20,1989.0,2009.0,1981.0,2004.0,1017.6601
2024-02-21,2004.0,2009.0,2000.0,2002.0,603.1487
2024-02-22,2002.0,2010.0,1997.0,2001.0,800.0713
2024-02-23,2001.0,2015.0,1994.0,2008.0,793.9725
2024-02-24,2008.0,2012.0,2006.0,2008.0,316.4939
2024-02-25,2008.0,2011.0,1999.0,2008.0,355.0014
2024-02-26,2008.0,2014.0,2001.0,2005.0,953.7631
2024-02-27,2005.0,2008.0,2000.0,2005.0,1193.9157
2024-02-28,2005.0,2022.0,2001.0,2019.0,2194.8479
2024-02-29,2018.0,2029.0,1989.0,1995.0,2186.515
2024-03-01,1996.0,2039.0,1992.0,2019.0,4715.7815
2024-03-02,2019.0,2034.0,2016.0,2031.0,1015.1858
2024-03-03,2030.0,2039.0,2016.0,2023.0,1596.2814
2024-03-04,2024.0,2076.0,2003.0,2065.0,3875.1089
2024-03-05,2065.0,2098.0,2057.0,2089.0,4970.5082
2024-03-06,2089.0,2119.0,2081.0,2111.0,2125.090352
2024-03-07,2110.0,2140.0,2106.0,2131.0,2110.937
2024-03-08,2131.0,2167.0,2120.0,2131.0,2115.0111
2024-03-09,2131.0,2141.0,2126.0,2130.0,917.0614
2024-03-10,2130.0,2141.0,2116.0,2141.0,1274.0254
2024-03-11,2139.0,2174.0,2130.0,2160.0,1942.0451
2024-03-12,2161.0,2164.0,2129.0,2144.0,1500.2237
2024-03-13,2144.0,2162.0,2137.0,2153.0,885.1201
2024-03-14,2154.0,2165.0,2138.0,2145.0,1199.408
2024-03-15,2145.0,2155.0,2124.0,2134.0,2002.4723
2024-03-16,2133.0,2141.0,2109.0,2118.0,1265.5864
2024-03-17,2118.0,2132.0,2111.0,2122.0,951.4529
2024-03-18,2122.0,2144.0,2117.0,2142.0,903.1582
2024-03-19,2142.0,2147.0,2126.0,2132.0,1921.1435
2024-03-20,2132.0,2196.0,2125.0,2185.0,2169.1979
2024-03-21,2185.0,2201.0,2156.0,2174.0,1326.2388
2024-03-22,2174.0,2181.0,2139.0,2150.0,917.1007
2024-03-23,2149.0,2164.0,2143.0,2146.0,437.0092
2024-03-24,2149.0,2163.0,2139.0,2163.0,566.5875
2024-03-25,2160.0,2180.0,2150.0,2171.0,1182.5558
2024-03-26,2172.0,2184.0,2154.0,2166.0,1050.2377
2024-03-27,2165.0,2177.0,2156.0,2172.0,900.317
2024-03-28,2172.0,2218.0,2165.0,2212.0,998.6597
2024-03-29,2213.0,2220.0,2200.0,2218.0,579.2458
2024-03-30,2219.0,2227.0,2201.0,2205.0,476.8921
2024-03-31,2205.0,2224.0,2204.0,2222.0,442.2927
2024-04-01,2221.0,2245.0,2211.0,2230.0,1116.7418
2024-04-02,2230.0,2268.0,2223.0,2262.0,1450.1254
2024-04-03,2262.0,2330.0,2248.0,2300.0,1962.9442
2024-04-04,2301.0,2303.0,2265.0,2269.0,1106.1428
2024-04-05,2268.0,2324.0,2250.0,2317.0,1334.3741
2024-04-06,2316.0,2317.0,2300.0,2304.0,554.7419
2024-04-07,2303.0,2313.0,2286.0,2291.0,794.1324
2024-04-08,2289.0,2329.0,2286.0,2320.0,1340.201
2024-04-09,2319.0,2353.0,2316.0,2333.0,1184.5854
2024-04-10,2333.0,2344.0,2300.0,2324.0,1531.3217
2024-04-11,2324.0,2375.0,2316.0,2365.0,956.9747
2024-04-12,2364.0,2429.0,2289.0,2355.0,2989.9846
2024-04-13,2354.0,3295.0,2323.0,2452.0,17415.400416
2024-04-14,2452.0,2539.0,2366.0,2391.0,8704.3143
2024-04-15,2388.0,2487.0,2335.0,2432.0,5391.1614
2024-04-16,2431.0,2447.0,2381.0,2404.0,4105.2776
2024-04-17,2403.0,2418.0,2381.0,2396.0,2128.9396
2024-04-18,2396.0,2404.0,2382.0,2384.0,1344.2067
2024-04-19,2385.0,2469.0,2374.0,2394.0,4296.4859
2024-04-20,2394.0,2402.0,2375.0,2390.0,1454.9467
2024-04-21,2389.0,2392.0,2370.0,2377.0,951.9697
2024-04-22,2377.0,2385.0,2311.0,2322.0,1608.6565
2024-04-23,2323.0,2341.0,2281.0,2309.0,1539.3096
2024-04-24,2309.0,2322.0,2292.0,2296.0,902.4297
2024-04-25,2296.0,2367.0,2291.0,2327.0,1249.145
2024-04-26,2327.0,2348.0,2317.0,2345.0,631.426
2024-04-27,2344.0,2371.0,2332.0,2357.0,742.345
2024-04-28,2356.0,2383.0,2350.0,2356.0,794.3272
2024-04-29,2355.0,2363.0,2332.0,2344.0,1161.6418
2024-04-30,2344.0,2355.0,2286.0,2302.0,1456.8439
2024-05-01,2302.0,2323.0,2281.0,2310.0,1860.0541
2024-05-02,2311.0,2313.0,2280.0,2291.0,818.4068
2024-05-03,2291.0,2305.0,2280.0,2289.0,909.1062
2024-05-04,2289.0,2292.0,2276.0,2286.0,923.7605
2024-05-05,2286.0,2289.0,2265.0,2284.0,434.2519
2024-05-06,2285.0,2314.0,2283.0,2303.0,1217.7132
2024-05-07,2303.0,2312.0,2287.0,2288.0,765.9602
2024-05-08,2289.0,2308.0,2282.0,2297.0,1001.3035
2024-05-09,2297.0,2344.0,2288.0,2340.0,1464.1016
2024-05-10,2342.0,2361.0,2318.0,2332.0,1585.3438
2024-05-11,2332.0,2351.0,2325.0,2340.0,380.608
2024-05-12,2340.0,2349.0,2335.0,2343.0,320.2211
2024-05-13,2344.0,2350.0,2320.0,2320.0,911.9391
2024-05-14,2320.0,2344.0,2320.0,2340.0,591.0588
2024-05-15,2340.0,2387.0,2338.0,2380.0,1289.3581
2024-05-16,2380.0,2392.0,2353.0,2361.0,723.4554
2024-05-17,2362.0,2397.0,2357.0,2390.0,1184.834
2024-05-18,2390.0,2394.0,2380.0,2385.0,411.9703
2024-05-19,2386.0,2418.0,2375.0,2405.0,1088.3917
2024-05-20,2405.0,2427.0,2392.0,2414.0,2483.6774
2024-05-21,2414.0,2423.0,2399.0,2413.0,1628.3783
2024-05-22,2413.0,2414.0,2370.0,2385.0,1448.9755
2024-05-23,2385.0,2395.0,2331.0,2343.0,1676.5634
2024-05-24,2343.0,2400.0,2341.0,2346.0,1416.6502
2024-05-25,2347.0,2353.0,2336.0,2346.0,440.2053
2024-05-26,2346.0,2355.0,2342.0,2351.0,339.1831
2024-05-27,2351.0,2370.0,2342.0,2357.0,854.4051
2024-05-28,2358.0,2361.0,2326.0,2350.0,948.3539
2024-05-29,2351.0,2358.0,2325.0,2325.0,571.9858
2024-05-30,2328.0,2350.0,2318.0,2338.0,789.9066
2024-05-31,2338.0,2355.0,2325.0,2332.0,815.6607
2024-06-01,2333.0,2349.0,2326.0,2344.0,426.2228
2024-06-02,2344.0,2351.0,2333.0,2335.0,419.4448
2024-06-03,2335.0,2353.0,2325.0,2347.0,664.6049
2024-06-04,2347.0,2353.0,2325.0,2335.0,646.4955
2024-06-05,2336.0,2359.0,2331.0,2359.0,645.1199
2024-06-06,2359.0,2369.0,2349.0,2365.0,544.158
2024-06-07,2365.0,2371.0,2292.0,2310.0,1922.4263
2024-06-08,2311.0,2316.0,2295.0,2301.0,316.27
2024-06-09,2302.0,2318.0,2301.0,2312.0,356.5369
2024-06-10,2312.0,2325.0,2304.0,2316.0,388.6962
2024-06-11,2316.0,2323.0,2306.0,2314.0,792.9588
2024-06-12,2314.0,2344.0,2310.0,2314.0,1380.3884
2024-06-13,2315.0,2318.0,2292.0,2297.0,585.1349
2024-06-14,2297.0,2330.0,2297.0,2321.0,963.9647
2024-06-15,2321.0,2337.0,2319.0,2333.0,508.5849
2024-06-16,2333.0,2370.0,2323.0,2326.0,582.9467
2024-06-17,2326.0,2327.0,2304.0,2314.0,532.1398
2024-06-18,2314.0,2330.0,2304.0,2319.0,899.5154
2024-06-19,2320.0,2328.0,2311.0,2316.0,411.9621
2024-06-20,2317.0,2348.0,2313.0,2346.0,652.7795
2024-06-21,2347.0,2349.0,2311.0,2321.0,715.5954
2024-06-22,2321.0,2328.0,2315.0,2317.0,186.7379
2024-06-23,2318.0,2320.0,2310.0,2313.0,201.9398
2024-06-24,2315.0,2321.0,2303.0,2311.0,999.1974
2024-06-25,2311.0,2319.0,2296.0,2302.0,650.9343
2024-06-26,2302.0,2305.0,2286.0,2293.0,493.3966
2024-06-27,2294.0,2315.0,2290.0,2308.0,433.1124
2024-06-28,2308.0,2320.0,2306.0,2309.0,364.4749
2024-06-29,2309.0,2314.0,2305.0,2308.0,173.6566
2024-06-30,2309.0,2316.0,2305.0,2312.0,258.8312
2024-07-01,2313.0,2320.0,2308.0,2314.0,687.796
2024-07-02,2315.0,2328.0,2313.0,2323.0,436.1461
2024-07-03,2322.0,2347.0,2315.0,2341.0,837.7974
2024-07-04,2342.0,2347.0,2323.0,2326.0,1212.1858
2024-07-05,2327.0,2361.0,2313.0,2354.0,2209.7693
2024-07-06,2355.0,2363.0,2337.0,2354.0,655.1608
2024-07-07,2353.0,2368.0,2347.0,2355.0,792.2732
2024-07-08,2355.0,2364.0,2327.0,2345.0,1388.0915
2024-07-09,2345.0,2350.0,2336.0,2343.0,459.3417
2024-07-10,2344.0,2362.0,2339.0,2354.0,566.9598
2024-07-11,2354.0,2399.0,2352.0,2391.0,1059.0474
2024-07-12,2392.0,2400.0,2372.0,2390.0,584.4567
2024-07-13,2390.0,2401.0,2379.0,2390.0,427.7967
2024-07-14,2389.0,2411.0,2383.0,2391.0,653.6013
2024-07-15,2392.0,2413.0,2379.0,2403.0,860.2087
2024-07-16,2403.0,2453.0,2397.0,2446.0,1710.1222
2024-07-17,2447.0,2467.0,2432.0,2442.0,806.0687
2024-07-18,2442.0,2460.0,2411.0,2425.0,629.5281
2024-07-19,2425.0,2427.0,2387.0,2409.0,2847.6152
2024-07-20,2407.0,2418.0,2388.0,2399.0,553.9631
2024-07-21,2399.0,2418.0,2398.0,2410.0,440.6949
2024-07-22,2410.0,2438.0,2385.0,2391.0,723.441
2024-07-23,2391.0,2406.0,2383.0,2399.0,702.5448
2024-07-24,2400.0,2419.0,2385.0,2390.0,916.2803
2024-07-25,2389.0,2393.0,2355.0,2370.0,1134.9475
2024-07-26,2369.0,2410.0,2363.0,2387.0,571.6887
2024-07-27,2387.0,2404.0,2375.0,2384.0,365.0661
2024-07-28,2383.0,2398.0,2378.0,2392.0,249.5361
2024-07-29,2392.0,2411.0,2371.0,2385.0,546.6432
2024-07-30,2385.0,2410.0,2382.0,2400.0,440.3547
2024-07-31,2401.0,2452.0,2397.0,2434.0,1062.4802
2024-08-01,2435.0,2453.0,2416.0,2430.0,1152.1807
2024-08-02,2430.0,2484.0,2405.0,2458.0,2084.7578
2024-08-03,2458.0,2476.0,2428.0,2467.0,1329.8523
2024-08-04,2467.0,2510.0,2443.0,2452.0,2042.1855
2024-08-05,2452.0,2469.0,2339.0,2395.0,5393.8468
2024-08-06,2395.0,2418.0,2380.0,2384.0,1593.5178
2024-08-07,2386.0,2392.0,2370.0,2374.0,1416.9506
2024-08-08,2373.0,2427.0,2371.0,2417.0,1199.9069
2024-08-09,2417.0,2425.0,2409.0,2419.0,714.8913
2024-08-10,2419.0,2429.0,2413.0,2427.0,264.6642
2024-08-11,2428.0,2437.0,2421.0,2431.0,618.8042
2024-08-12,2432.0,2469.0,2421.0,2465.0,1140.6316
2024-08-13,2466.0,2477.0,2407.0,2454.0,1835.9221
2024-08-14,2454.0,2474.0,2438.0,2443.0,979.1896
2024-08-15,2444.0,2468.0,2439.0,2451.0,902.113
2024-08-16,2451.0,2499.0,2427.0,2491.0,1923.9298
2024-08-17,2492.0,2530.0,2489.0,2517.0,948.7001
2024-08-18,2517.0,2520.0,2500.0,2505.0,495.7454
2024-08-19,2505.0,2511.0,2486.0,2509.0,837.8729
2024-08-20,2505.0,2521.0,2491.0,2506.0,918.1735
2024-08-21,2507.0,2514.0,2490.0,2502.0,771.2642
2024-08-22,2504.0,2505.0,2476.0,2486.0,689.2609
2024-08-23,2488.0,2520.0,2485.0,2511.0,1111.2502
2024-08-24,2511.0,2519.0,2504.0,2510.0,475.1142
2024-08-25,2512.0,2527.0,2506.0,2512.0,602.9431
2024-08-26,2513.0,2524.0,2482.0,2508.0,1086.2844
2024-08-27,2508.0,2520.0,2490.0,2508.0,1087.5363
2024-08-28,2509.0,2512.0,2484.0,2499.0,806.7827
2024-08-29,2500.0,2516.0,2499.0,2509.0,643.0425
2024-08-30,2509.0,2515.0,2487.0,2496.0,805.8799
2024-08-31,2496.0,2503.0,2489.0,2496.0,261.6664
2024-09-01,2496.0,2515.0,2490.0,2493.0,618.1316
2024-09-02,2492.0,2524.0,2480.0,2497.0,817.3969
2024-09-03,2497.0,2505.0,2479.0,2493.0,683.8478
2024-09-04,2493.0,2503.0,2473.0,2501.0,704.1414
2024-09-05,2501.0,2516.0,2493.0,2510.0,985.6539
2024-09-06,2509.0,2533.0,2493.0,2502.0,2181.1062
2024-09-07,2502.0,2515.0,2493.0,2493.0,422.0969
2024-09-08,2493.0,2507.0,2493.0,2497.0,276.5854
2024-09-09,2498.0,2518.0,2496.0,2507.0,684.7984
2024-09-10,2507.0,2523.0,2502.0,2518.0,814.3603
2024-09-11,2518.0,2527.0,2500.0,2513.0,892.4034
2024-09-12,2513.0,2555.0,2509.0,2553.0,1481.9958
2024-09-13,2554.0,2585.0,2552.0,2578.0,882.438
2024-09-14,2578.0,2581.0,2569.0,2577.0,368.7445
2024-09-15,2577.0,2600.0,2570.0,2579.0,575.6549
2024-09-16,2579.0,2609.0,2576.0,2592.0,1141.6917
2024-09-17,2592.0,2618.0,2571.0,2582.0,1517.5819
2024-09-18,2581.0,2608.0,2560.0,2578.0,1466.4734
2024-09-19,2577.0,2597.0,2553.0,2590.0,1494.7555
2024-09-20,2589.0,2630.0,2587.0,2625.0,1117.0716
2024-09-21,2625.0,2633.0,2613.0,2631.0,479.4791
2024-09-22,2631.0,2632.0,2611.0,2622.0,620.1021
2024-09-23,2621.0,2636.0,2611.0,2627.0,807.8861
2024-09-24,2627.0,2660.0,2622.0,2652.0,980.8769
2024-09-25,2652.0,2667.0,2648.0,2653.0,992.2143
2024-09-26,2652.0,2678.0,2648.0,2660.0,1153.0467
